{"lr0.005_mm0.05": 0.9566, "lr0.005_mm0.14444444444444443": 0.9588, "lr0.005_mm0.23888888888888887": 0.9623, "lr0.005_mm0.3333333333333333": 0.9657, "lr0.005_mm0.42777777777777776": 0.9657, "lr0.005_mm0.5222222222222223": 0.9681, "lr0.005_mm0.6166666666666667": 0.9692, "lr0.005_mm0.7111111111111111": 0.9701, "lr0.005_mm0.8055555555555556": 0.9742, "lr0.005_mm0.9": 0.9753, "lr0.015555555555555555_mm0.05": 0.9658, "lr0.015555555555555555_mm0.14444444444444443": 0.9729, "lr0.015555555555555555_mm0.23888888888888887": 0.9663, "lr0.015555555555555555_mm0.3333333333333333": 0.969, "lr0.015555555555555555_mm0.42777777777777776": 0.9712, "lr0.015555555555555555_mm0.5222222222222223": 0.9708, "lr0.015555555555555555_mm0.6166666666666667": 0.9771, "lr0.015555555555555555_mm0.7111111111111111": 0.9712, "lr0.015555555555555555_mm0.8055555555555556": 0.9731, "lr0.015555555555555555_mm0.9": 0.9816, "lr0.026111111111111113_mm0.05": 0.9661, "lr0.026111111111111113_mm0.14444444444444443": 0.9656, "lr0.026111111111111113_mm0.23888888888888887": 0.9731, "lr0.026111111111111113_mm0.3333333333333333": 0.9631, "lr0.026111111111111113_mm0.42777777777777776": 0.974, "lr0.026111111111111113_mm0.5222222222222223": 0.9716, "lr0.026111111111111113_mm0.6166666666666667": 0.9764, "lr0.026111111111111113_mm0.7111111111111111": 0.9768, "lr0.026111111111111113_mm0.8055555555555556": 0.9735, "lr0.026111111111111113_mm0.9": 0.9762, "lr0.03666666666666667_mm0.05": 0.9731, "lr0.03666666666666667_mm0.14444444444444443": 0.9668, "lr0.03666666666666667_mm0.23888888888888887": 0.9713, "lr0.03666666666666667_mm0.3333333333333333": 0.9748, "lr0.03666666666666667_mm0.42777777777777776": 0.9766, "lr0.03666666666666667_mm0.5222222222222223": 0.9734, "lr0.03666666666666667_mm0.6166666666666667": 0.9708, "lr0.03666666666666667_mm0.7111111111111111": 0.9749, "lr0.03666666666666667_mm0.8055555555555556": 0.9711, "lr0.03666666666666667_mm0.9": 0.9788, "lr0.04722222222222222_mm0.05": 0.9682, "lr0.04722222222222222_mm0.14444444444444443": 0.9706, "lr0.04722222222222222_mm0.23888888888888887": 0.97, "lr0.04722222222222222_mm0.3333333333333333": 0.9771, "lr0.04722222222222222_mm0.42777777777777776": 0.9778, "lr0.04722222222222222_mm0.5222222222222223": 0.9753, "lr0.04722222222222222_mm0.6166666666666667": 0.9807, "lr0.04722222222222222_mm0.7111111111111111": 0.9764, "lr0.04722222222222222_mm0.8055555555555556": 0.9761, "lr0.04722222222222222_mm0.9": 0.9743, "lr0.057777777777777775_mm0.05": 0.9677, "lr0.057777777777777775_mm0.14444444444444443": 0.9728, "lr0.057777777777777775_mm0.23888888888888887": 0.966, "lr0.057777777777777775_mm0.3333333333333333": 0.973, "lr0.057777777777777775_mm0.42777777777777776": 0.9712, "lr0.057777777777777775_mm0.5222222222222223": 0.9713, "lr0.057777777777777775_mm0.6166666666666667": 0.9769, "lr0.057777777777777775_mm0.7111111111111111": 0.9732, "lr0.057777777777777775_mm0.8055555555555556": 0.976, "lr0.057777777777777775_mm0.9": 0.9779, "lr0.06833333333333334_mm0.05": 0.9697, "lr0.06833333333333334_mm0.14444444444444443": 0.9648, "lr0.06833333333333334_mm0.23888888888888887": 0.9739, "lr0.06833333333333334_mm0.3333333333333333": 0.9741, "lr0.06833333333333334_mm0.42777777777777776": 0.9751, "lr0.06833333333333334_mm0.5222222222222223": 0.9752, "lr0.06833333333333334_mm0.6166666666666667": 0.9801, "lr0.06833333333333334_mm0.7111111111111111": 0.9764, "lr0.06833333333333334_mm0.8055555555555556": 0.9772, "lr0.06833333333333334_mm0.9": 0.9776, "lr0.0788888888888889_mm0.05": 0.9672, "lr0.0788888888888889_mm0.14444444444444443": 0.9695, "lr0.0788888888888889_mm0.23888888888888887": 0.9744, "lr0.0788888888888889_mm0.3333333333333333": 0.9693, "lr0.0788888888888889_mm0.42777777777777776": 0.978, "lr0.0788888888888889_mm0.5222222222222223": 0.9689, "lr0.0788888888888889_mm0.6166666666666667": 0.9767, "lr0.0788888888888889_mm0.7111111111111111": 0.9805, "lr0.0788888888888889_mm0.8055555555555556": 0.9776, "lr0.0788888888888889_mm0.9": 0.9831, "lr0.08944444444444445_mm0.05": 0.9651, "lr0.08944444444444445_mm0.14444444444444443": 0.9676, "lr0.08944444444444445_mm0.23888888888888887": 0.9763, "lr0.08944444444444445_mm0.3333333333333333": 0.9737, "lr0.08944444444444445_mm0.42777777777777776": 0.9709, "lr0.08944444444444445_mm0.5222222222222223": 0.9741, "lr0.08944444444444445_mm0.6166666666666667": 0.9765, "lr0.08944444444444445_mm0.7111111111111111": 0.9782, "lr0.08944444444444445_mm0.8055555555555556": 0.9804, "lr0.08944444444444445_mm0.9": 0.9789, "lr0.1_mm0.05": 0.9768, "lr0.1_mm0.14444444444444443": 0.9717, "lr0.1_mm0.23888888888888887": 0.9766, "lr0.1_mm0.3333333333333333": 0.9742, "lr0.1_mm0.42777777777777776": 0.9765, "lr0.1_mm0.5222222222222223": 0.9743, "lr0.1_mm0.6166666666666667": 0.9767, "lr0.1_mm0.7111111111111111": 0.9757, "lr0.1_mm0.8055555555555556": 0.9779, "lr0.1_mm0.9": 0.9757}